"Preference Share","1 Item","2 Item","3 Item"
0.233134137077145,"X23",NA,NA
0.340567747138685,"X23","X39",NA
0.416206199687395,"X23","X39","X20"
